venue	rest_trade_write_order_ack	rest_private_order_status	rest_private_account_balance	rest_private_account_position	ws_live_write_path	ws_private_stream_evidence	close_position_boundary	diagnostic_fixture_boundary	diagnostic_fixture_ids	diagnostic_fixture_hashes	ws_operation_fixture_ids	ws_operation_fixture_hashes	finality_boundary
Binance	recorded	recorded	recorded	recorded	recorded_place_cancel	recorded	display_only_without_operation_evidence	committed_diag_fixture	crates/exchange/fixtures/binance/spot_ticker_24hr_full.json	sha256:1624d6700a9cb106669813e8d9e48fa72550167c6abc46c871db73f63821d8d8	crates/exchange/fixtures/binance/ws_order_place_success.json,crates/exchange/fixtures/binance/ws_order_cancel_success.json	sha256:ebf0c6b4d768c737094e49dd337346b8084da9f5e394931307157e8c20b58fa6,sha256:0cdac638750c9358c3fe1158b887794ca930bfcd7e771a0d4dd6a82b2f72dbb7	ack_not_final
Okx	recorded	recorded	recorded	recorded	recorded_place_cancel	recorded	display_only_without_operation_evidence	committed_diag_fixture	crates/exchange/fixtures/okx/market_tickers_swap_spot_btc_eth_usdt.json	sha256:ce2386f39d6d4284a467f5b66a689290d7f5c8f9d8c68058eff5e43f49621945	crates/exchange/fixtures/okx/ws_trade_place_order_ack.json,crates/exchange/fixtures/okx/ws_trade_cancel_order_ack.json	sha256:de0e9f857f687f60bbfab4a50af4042420371c6f1a46b357e63402f0cf7e9882,sha256:a439243e8c548d995079fe726503d98073dc7366fc5d395727e96f4210d62314	ack_not_final
Bybit	recorded	recorded	recorded	recorded	recorded_place_cancel	recorded	display_only_without_operation_evidence	committed_diag_fixture	crates/exchange/fixtures/bybit/market_tickers_linear_spot_btcusdt.json,crates/exchange/fixtures/bybit/instruments_info_linear_btcusdt.json	sha256:f970f706b977866e13fe68a080a7f860ddb9911e5adc7f624cbd454b915ee7f1,sha256:0cc503974e5bfb425d486f1bb162cb77a1161c2795e7993af5b3bc6b8624235f	crates/exchange/fixtures/bybit/ws_order_create_ack.json,crates/exchange/fixtures/bybit/ws_order_cancel_ack.json	sha256:b7a1a38959a03f88011ebc6b28e8861bec7eafdfe70468522f4fbd171c42a794,sha256:5450bef4c50c8eb370be02788198bd4eb43887f2e23652aa3f918a7e2d624940	ack_not_final
Bitget	recorded	recorded	recorded	recorded	recorded_place_cancel	recorded	display_only_without_operation_evidence	committed_diag_fixture	crates/exchange/fixtures/bitget/uta_tickers_usdt_futures_spot_btcusdt.json	sha256:001a60dcbff93a4423c05ed344eb434e8db9f87ee4213f9a981cf6e00355d3c0	crates/exchange/fixtures/bitget/uta_ws_place_order_ack.json,crates/exchange/fixtures/bitget/uta_ws_cancel_order_ack.json	sha256:edb7ed0bc16594f7538548d67d9f8a53e831a093432c76bac0bf41d85016c9e6,sha256:4599399cd0b6fe7ba69dbca6128b226792ddb7ae35517ef3f132cfad6b7d879d	ack_not_final
Gate	recorded	recorded	recorded	recorded	recorded_place_cancel	recorded	display_only_without_operation_evidence	committed_diag_fixture	crates/exchange/fixtures/gate/spot_tickers_btc_eth_usdt.json	sha256:d42985986293d2a2ed6e2f291ff34b8510c83eab4a9105c57055cc6ac89e878a	crates/exchange/fixtures/gate/ws_futures_order_place_success.json,crates/exchange/fixtures/gate/ws_futures_order_cancel_success.json	sha256:11af61e8c9755048b888ee8525b889ab7ec9e48e0ae616a72ce0692957ec82b3,sha256:5596ef816f58b773d63e089e033571b8c3e9e823b2340110f5ed4125659113d4	ack_not_final
Kucoin	recorded	recorded	recorded	recorded	display_only_schema_pending	recorded	display_only_without_operation_evidence	committed_diag_fixture	crates/exchange/fixtures/kucoin/contracts_active_xbt_eth_usdtm.json	sha256:ffd6fe27987d000d61c116dbc848e4f643087f2bad800c60a4a8e8b4b52801a6	crates/exchange/fixtures/kucoin/wsapi_pro_order_ack.json,crates/exchange/fixtures/kucoin/wsapi_pro_cancel_ack.json	sha256:55fce65cecb72815dfb731f151d3adbf50ab576414ddbc231f6f125c0558ea9d,sha256:7088a84487eb2b905a93360bad0d7ddcbff869c443f2c73c0409224bc955d53b	ack_not_final
Hyperliquid	recorded	recorded	recorded	recorded	recorded_place_cancel	recorded	display_only_without_operation_evidence	committed_diag_fixture	crates/exchange/fixtures/hyperliquid/spot_meta_and_asset_ctxs_purr_hfun.json	sha256:4342019a816e691b3e14385f4cd61fd32c47ac61ad741e62c6d8c2f975de9a4b	crates/exchange/fixtures/hyperliquid/ws_post_order_resting.json,crates/exchange/fixtures/hyperliquid/ws_post_cancel_success.json	sha256:5123a11c462aef3b55e8c5cdfa3c67d78a0c0771853ce08fcba6007157798372,sha256:b046ba05b5dd8322138824a88d6d882bd74c6ee91a76c2a886dddfd6c5b23504	ack_not_final
gate_crossex	not_applicable_ws_only	recorded	recorded	recorded	recorded_place_cancel	recorded	display_only_without_operation_evidence	not_targeted_by_diag_real_responses	not_applicable	not_applicable	crates/exchange/fixtures/gate_crossex/place_order_ack.json,crates/exchange/fixtures/gate_crossex/cancel_order_ack.json	sha256:e77dc3daed93b4ad319d4d507181f53c383f5639db964add25c9f1bce785e190,sha256:a9eefb1c1368789eb521eb2753d7cb36dc652868c96d4ef02b6d3642ef47d353	ack_not_final
Kraken	recorded	recorded	recorded	recorded	recorded_place_cancel	recorded	display_only_without_operation_evidence	not_targeted_by_diag_real_responses	not_applicable	not_applicable	crates/exchange/fixtures/kraken/spot_v2_add_order_ack.json,crates/exchange/fixtures/kraken/spot_v2_cancel_order_ack.json	sha256:b9160622af804c351d710cad2f386af0b62c35d3decdbe133526033966f76d58,sha256:e4cbfc690e3922ef291b4c3f77091beb6b70b4dde22b0e404aaf6bd5022d3eea	ack_not_final
