venue	method	path	use_case	data_kind	checked_at	doc_version	schema_hash	fixture_id	parser_test	request_builder_test	auth_kind
Binance	Get	/fapi/v1/depth	HotPathFallback	OrderBook	2026-06-03	binance-usdm-futures-order-book-2026-06-03	sha256:96d4fd6d973f203dfeb60ed85dbcd8cac6b56096c06f3bc698911b81c3069815	crates/exchange/fixtures/binance/usdm_order_book_depth_btcusdt.json	orderbook_parses_official_fixture_levels	orderbook_parses_official_fixture_levels	public
Okx	Get	/api/v5/market/books	HotPathFallback	OrderBook	2026-06-03	okx-v5-market-data-get-order-book-2026-06-03	sha256:c62a9a951d7c2ec8c81799a7018847c71360fab0c4fc43b13316d4bcd4bce677	crates/exchange/fixtures/okx/market_books_btc_usdt_swap.json	okx_orderbook_parses_official_fixture_levels	okx_orderbook_rest_parses_official_fixture_and_uses_inst_id_sz_query	public
Bybit	Get	/v5/market/orderbook	HotPathFallback	OrderBook	2026-06-03	bybit-v5-get-orderbook-2026-06-03	sha256:28590d90c8a573426e7e66d849afe931815ed8a19ce2855deee9519c314d86b3	crates/exchange/fixtures/bybit/orderbook_linear_btcusdt.json	bybit_orderbook_parses_official_linear_fixture	bybit_orderbook_rest_uses_linear_symbol_limit_query	public
Bitget	Get	/api/v3/market/orderbook	HotPathFallback	OrderBook	2026-06-03	bitget-uta-get-orderbook-2026-06-03	sha256:acd772c2dcf8a9e427cdeedc8622fa2db0123cb0c7fd9ac9bf3865aecb08c944	crates/exchange/fixtures/bitget/uta_orderbook_usdt_futures_btcusdt.json	bitget_uta_orderbook_parses_official_fixture_levels	bitget_uta_orderbook_uses_official_path_category_symbol_limit_query	public
Gate	Get	/api/v4/futures/usdt/order_book	HotPathFallback	OrderBook	2026-06-03	gate-apiv4-query-futures-market-depth-information-2026-06-03	sha256:6d2d9f450255d4e1c3fe0b5fd3c858fb2d3eb011de1580f6681bcca17299b874	crates/exchange/fixtures/gate/futures_usdt_order_book_btc_usdt.json	gate_futures_orderbook_parses_official_fixture_levels	gate_futures_orderbook_uses_official_path_contract_and_limit_query	public
Kucoin	Get	/api/v1/level2/depth20	HotPathFallback	OrderBook	2026-06-03	kucoin-futures-get-part-orderbook-2026-06-03	sha256:7a25800ba89748c3942baf6df567118e5a15e563342aa14dfd220b856d0771ee	crates/exchange/fixtures/kucoin/futures_depth20_xbtusdtm.json	kucoin_depth20_parses_official_fixture_levels	kucoin_depth20_uses_official_path_and_symbol_query	public
Hyperliquid	Post	/info	HotPathFallback	OrderBook	2026-06-03	hyperliquid-info-l2book-2026-06-03	sha256:ca8d9ead4d832f01a30897dbf6d4ff11c3816c17ecddd0f36491b9d40ef4317e	crates/exchange/fixtures/hyperliquid/l2book_btc.json	hyperliquid_l2book_parses_official_fixture_levels	get_orderbook_l2book	public
Binance	Get	/fapi/v1/time	Calibration	ServerTime	2026-06-03	binance-usdm-futures-check-server-time-2026-06-03	sha256:ab3c03f5f73ddb47c0f7c3e29ab661e2eefb54d64077a56e23bf1da6b8ae53c5	crates/exchange/fixtures/binance/usdm_server_time.json	server_time_parses_official_fixture_and_uses_no_query	server_time_parses_official_fixture_and_uses_no_query	public
Okx	Get	/api/v5/public/time	Calibration	ServerTime	2026-06-03	okx-v5-public-get-system-time-2026-06-03	sha256:cfad0f259e94475017ec3bf7113726b106a4441706d6e76bc966c15b4ff9a5bb	crates/exchange/fixtures/okx/public_time.json	public_time_parses_official_fixture_and_uses_no_query	public_time_parses_official_fixture_and_uses_no_query	public
Bybit	Get	/v5/market/time	Calibration	ServerTime	2026-06-03	bybit-v5-get-server-time-2026-06-03	sha256:1d29f70422c2ba49f8376edf961697bba0d9b60404c175f64e26e4f44c2ac34c	crates/exchange/fixtures/bybit/server_time.json	bybit_server_time_parses_official_fixture_and_uses_no_query	bybit_server_time_parses_official_fixture_and_uses_no_query	public
Bitget	Get	/api/v2/public/time	Calibration	ServerTime	2026-06-03	bitget-common-get-server-time-2026-06-03	sha256:6bf033a6f551b96c422f46cf6f176c1a5219bd8e1df0258e0efd8533fb6c39ef	crates/exchange/fixtures/bitget/server_time.json	bitget_server_time_parses_official_fixture_and_uses_no_query	bitget_server_time_parses_official_fixture_and_uses_no_query	public
Gate	Get	/api/v4/spot/time	Calibration	ServerTime	2026-06-03	gate-apiv4-get-server-current-time-2026-06-03	sha256:3f245cc394c090f3d1f68e1c5afade2d72ffe18d6413c15a0f94650bf15b93f0	crates/exchange/fixtures/gate/server_time.json	gate_server_time_parses_official_fixture_and_uses_no_query	gate_server_time_parses_official_fixture_and_uses_no_query	public
Kucoin	Get	/api/v1/timestamp	Calibration	ServerTime	2026-06-03	kucoin-futures-get-server-time-2026-06-03	sha256:ad228065d5e1bee6a4bfd7d6da8d4fc72d6e5ed057ea5adc2069605332c543d2	crates/exchange/fixtures/kucoin/server_time.json	kucoin_server_time_parses_official_fixture_and_uses_no_query	kucoin_server_time_parses_official_fixture_and_uses_no_query	public
Binance	Get	/fapi/v1/exchangeInfo	Metadata	InstrumentMetadata	2026-07-11	binance-usdm-futures-exchange-information-usdt-usdc-2026-07-11	sha256:10c40d2f5bce94b4f4dcf57226e90fd559f5f63dc79fc7867b6b9866f59a9525	crates/exchange/fixtures/binance/usdm_exchange_info_usdt_usdc.json	registry_projection_uses_compiled_usdt_and_usdc_specs	exchange_info_uses_official_path_without_query	public
Okx	Get	/api/v5/public/instruments	Metadata	InstrumentMetadata	2026-06-03	okx-v5-public-get-instruments-2026-06-03	sha256:12f958835984aafc2c8280c93e33fbefcadba9351f113275351faf51c9ac76eb	crates/exchange/fixtures/okx/public_instruments_swap.json	okx_instrument_rule_parses_official_swap_fixture	swap_inst_ids_rest_parses_official_fixture_and_uses_swap_query	public
Bybit	Get	/v5/market/instruments-info	Metadata	InstrumentMetadata	2026-07-13	bybit-v5-get-instruments-info-2026-07-13	sha256:5bd6c38c7d43fd01780a8066901ff0ff548b02c25cd263f57b61713da4b6f0f3	crates/exchange/fixtures/bybit/instruments_info_linear_identity_matrix.json	bybit_identity_matrix_preserves_usdt_usdc_and_rwa_contracts	funding_rates_and_instruments_uses_linear_instruments_query	public
Bitget	Get	/api/v3/market/instruments	Metadata	InstrumentMetadata	2026-06-03	bitget-uta-get-instruments-2026-06-03	sha256:7df78c9aa6e3fee915145a180e251761f831c4affcab637d0323b4b853eb5a4d	crates/exchange/fixtures/bitget/uta_instruments_usdt_futures_btcusdt.json	bitget_uta_instruments_parses_official_fixture_metadata	bitget_uta_instruments_use_official_path_category_query	public
Gate	Get	/api/v4/futures/usdt/contracts	Metadata	InstrumentMetadata	2026-06-03	gate-apiv4-list-futures-contracts-2026-06-03	sha256:8d34ecc69829afdec05cad79d47cd69c8afab63a52a274c26d77cd50ce025d4f	crates/exchange/fixtures/gate/futures_usdt_contracts_btc_usdt.json	gate_contracts_parses_official_fixture_metadata_and_funding	gate_contracts_and_tickers_uses_official_contracts_path_without_query	public
Gate	Get	/api/v4/futures/usdt/fee	PrivateRead	AccountConfig	2026-07-11	gate-apiv4-v4.105.32-query-futures-market-trading-fee-rates-2026-07-11	sha256:8ad7680d9bbf1abf952dfb6158ab84a169a04c3fd580da1197613c504bdc5bcb	crates/exchange/fixtures/gate/futures_usdt_fee.json	parses_official_fee_fixture_and_preserves_maker_rebate	fee_read_uses_signed_endpoint_and_preserves_rebate	signed
Gate	Get	/api/v4/futures/usdt/my_trades	PrivateRead	OrderStatus	2026-07-11	gate-apiv4-v4.105.32-query-personal-trading-records-2026-07-11	sha256:5fc511e1c98816438ef07b39f8c1e9bdb1f3d911d8244605aa07a49e8b1412b9	crates/exchange/fixtures/gate/futures_usdt_my_trades_order.json	parses_official_my_trades_fixture_without_combining_fee_units	my_trades_uses_signed_order_query_and_official_fixture	signed
Kucoin	Get	/api/v1/contracts/active	Metadata	InstrumentMetadata	2026-07-11	kucoin-futures-native-contract-matrix-2026-07-11	sha256:612f1509f278052c31888787baae9f3556086bff1280ee430f8e992aff641d7c	crates/exchange/fixtures/kucoin/contracts_active_native_matrix.json	official_matrix_maps_usdt_usdc_and_verified_equity_contracts	kucoin_contracts_active_uses_official_path_without_query	public
Hyperliquid	Post	/info	Metadata	InstrumentMetadata	2026-06-03	hyperliquid-perpetuals-meta-and-asset-ctxs-2026-06-03	sha256:b5b76216f848ed73eb687ad9610d29e90a93234b07dd7193c1ae9d94c65891b4	crates/exchange/fixtures/hyperliquid/meta_and_asset_ctxs_btc_eth.json	hyperliquid_meta_and_asset_ctxs_parses_official_fixture_metadata_ticker_funding	hyperliquid_meta_body_uses_official_body_with_optional_dex	public
Binance	Get	/fapi/v1/premiumIndex	Baseline	FundingRate	2026-06-03	binance-usdm-futures-mark-price-2026-06-03	sha256:eb2273bc5de40fea978307b7d5f460b71c906789725b0988af08b71208079deb	crates/exchange/fixtures/binance/usdm_premium_index_btcusdt.json	premium_index_parses_official_fixture_funding_and_mark_index	premium_indexes_uses_official_path_without_query	public
Binance	Get	/fapi/v1/premiumIndex	Baseline	MarkIndex	2026-06-03	binance-usdm-futures-mark-price-2026-06-03	sha256:eb2273bc5de40fea978307b7d5f460b71c906789725b0988af08b71208079deb	crates/exchange/fixtures/binance/usdm_premium_index_btcusdt.json	premium_index_parses_official_fixture_funding_and_mark_index	premium_indexes_uses_official_path_without_query	public
Binance	Get	/fapi/v1/openInterest	Baseline	OpenInterest	2026-06-03	binance-usdm-futures-open-interest-2026-06-03	sha256:f3e3c005e2a3a88d7723c606293c47ef08c4cded7969687d2c5ae5f7190636fb	crates/exchange/fixtures/binance/usdm_open_interest_btcusdt.json	open_interest_parses_official_fixture	open_interest_uses_official_path_and_symbol_query	public
Binance	Get	/fapi/v1/ticker/24hr	Baseline	PerpTicker	2026-06-03	binance-usdm-futures-24hr-ticker-price-change-statistics-2026-06-03	sha256:808109f971aad3eb8fac7ba1773f496ab0eb56af8caae1d8dad95a45728b63e6	crates/exchange/fixtures/binance/usdm_ticker_24hr_btcusdt.json	binance_usdm_ticker_24hr_parses_official_fixture	usdm_ticker_24hr_uses_official_path_without_query	public
Binance	Get	/api/v3/ticker/24hr	Baseline	SpotTicker	2026-06-03	binance-spot-24hr-ticker-price-change-statistics-2026-06-03	sha256:1624d6700a9cb106669813e8d9e48fa72550167c6abc46c871db73f63821d8d8	crates/exchange/fixtures/binance/spot_ticker_24hr_full.json	binance_spot_ticker_24hr_parses_official_fixture	binance_spot_ticker_24hr_uses_official_path_without_query	public
Okx	Get	/api/v5/market/tickers	Baseline	PerpTicker	2026-06-03	okx-v5-market-data-get-tickers-2026-06-03	sha256:ce2386f39d6d4284a467f5b66a689290d7f5c8f9d8c68058eff5e43f49621945	crates/exchange/fixtures/okx/market_tickers_swap_spot_btc_eth_usdt.json	okx_market_tickers_parse_official_swap_and_spot_fixture	okx_market_tickers_use_inst_type_queries	public
Okx	Get	/api/v5/market/tickers	Baseline	SpotTicker	2026-06-03	okx-v5-market-data-get-tickers-2026-06-03	sha256:ce2386f39d6d4284a467f5b66a689290d7f5c8f9d8c68058eff5e43f49621945	crates/exchange/fixtures/okx/market_tickers_swap_spot_btc_eth_usdt.json	okx_market_tickers_parse_official_swap_and_spot_fixture	okx_market_tickers_use_inst_type_queries	public
Okx	Get	/api/v5/public/funding-rate	Baseline	FundingRate	2026-06-03	okx-v5-public-data-get-funding-rate-2026-06-03	sha256:ae1dba76dc86eb171ad0311d79e0461b51503230be3bd6f0d4969078b0c2dd7f	crates/exchange/fixtures/okx/public_funding_mark_index_oi_btc_eth_usdt.json	okx_funding_rate_parses_official_fixture_interval	okx_funding_rate_uses_official_path_and_inst_id_query	public
Okx	Get	/api/v5/public/mark-price	Baseline	MarkIndex	2026-06-03	okx-v5-public-data-get-mark-price-2026-06-03	sha256:ae1dba76dc86eb171ad0311d79e0461b51503230be3bd6f0d4969078b0c2dd7f	crates/exchange/fixtures/okx/public_funding_mark_index_oi_btc_eth_usdt.json	okx_mark_index_open_interest_parse_official_fixture	okx_mark_index_prices_use_official_public_queries	public
Okx	Get	/api/v5/market/index-tickers	Baseline	MarkIndex	2026-06-03	okx-v5-public-data-get-index-tickers-2026-06-03	sha256:ae1dba76dc86eb171ad0311d79e0461b51503230be3bd6f0d4969078b0c2dd7f	crates/exchange/fixtures/okx/public_funding_mark_index_oi_btc_eth_usdt.json	okx_mark_index_open_interest_parse_official_fixture	okx_mark_index_prices_use_official_public_queries	public
Okx	Get	/api/v5/public/open-interest	Baseline	OpenInterest	2026-06-03	okx-v5-public-data-get-open-interest-2026-06-03	sha256:ae1dba76dc86eb171ad0311d79e0461b51503230be3bd6f0d4969078b0c2dd7f	crates/exchange/fixtures/okx/public_funding_mark_index_oi_btc_eth_usdt.json	okx_mark_index_open_interest_parse_official_fixture	okx_mark_index_prices_use_official_public_queries	public
Bybit	Get	/v5/market/tickers	Baseline	PerpTicker	2026-06-03	bybit-v5-get-tickers-2026-06-03	sha256:f970f706b977866e13fe68a080a7f860ddb9911e5adc7f624cbd454b915ee7f1	crates/exchange/fixtures/bybit/market_tickers_linear_spot_btcusdt.json	bybit_market_tickers_official_fixture_closes_perp_funding_spot_debt	bybit_market_tickers_uses_linear_and_spot_queries	public
Bybit	Get	/v5/market/tickers	Baseline	FundingRate	2026-06-03	bybit-v5-get-tickers-2026-06-03	sha256:f970f706b977866e13fe68a080a7f860ddb9911e5adc7f624cbd454b915ee7f1	crates/exchange/fixtures/bybit/market_tickers_linear_spot_btcusdt.json	bybit_market_tickers_official_fixture_closes_perp_funding_spot_debt	bybit_market_tickers_uses_linear_and_spot_queries	public
Bybit	Get	/v5/market/tickers	Baseline	SpotTicker	2026-06-03	bybit-v5-get-tickers-2026-06-03	sha256:f970f706b977866e13fe68a080a7f860ddb9911e5adc7f624cbd454b915ee7f1	crates/exchange/fixtures/bybit/market_tickers_linear_spot_btcusdt.json	bybit_market_tickers_official_fixture_closes_perp_funding_spot_debt	bybit_market_tickers_uses_linear_and_spot_queries	public
Bitget	Get	/api/v3/market/current-fund-rate	Baseline	FundingRate	2026-06-03	bitget-uta-get-current-funding-rate-2026-06-03	sha256:806a1cb7d237884b4144caa40e32409ff42e642ff5aedb3171378825f1765cd7	crates/exchange/fixtures/bitget/uta_current_fund_rate_btcusdt.json	bitget_uta_current_funding_parses_official_fixture	bitget_uta_current_funding_uses_official_symbol_query	public
Bitget	Get	/api/v3/market/tickers	Baseline	PerpTicker	2026-06-03	bitget-uta-get-tickers-2026-06-03	sha256:001a60dcbff93a4423c05ed344eb434e8db9f87ee4213f9a981cf6e00355d3c0	crates/exchange/fixtures/bitget/uta_tickers_usdt_futures_spot_btcusdt.json	bitget_uta_tickers_parse_official_futures_and_spot_fixture	bitget_uta_tickers_use_official_path_category_queries	public
Bitget	Get	/api/v3/market/tickers	Baseline	SpotTicker	2026-06-03	bitget-uta-get-tickers-2026-06-03	sha256:001a60dcbff93a4423c05ed344eb434e8db9f87ee4213f9a981cf6e00355d3c0	crates/exchange/fixtures/bitget/uta_tickers_usdt_futures_spot_btcusdt.json	bitget_uta_tickers_parse_official_futures_and_spot_fixture	bitget_uta_tickers_use_official_path_category_queries	public
Gate	Get	/api/v4/futures/usdt/tickers	Baseline	PerpTicker	2026-06-03	gate-apiv4-get-all-futures-trading-statistics-2026-06-03	sha256:5107efe33cfd9f0939d1854a5f8c858145ce66153610ad6acd85e969a71a3774	crates/exchange/fixtures/gate/futures_usdt_tickers_btc_eth_usdt.json	gate_futures_tickers_parse_official_fixture_prices_and_mark	gate_futures_tickers_uses_official_path_without_query	public
Gate	Get	/api/v4/spot/tickers	Baseline	SpotTicker	2026-06-03	gate-apiv4-list-spot-tickers-2026-06-03	sha256:d42985986293d2a2ed6e2f291ff34b8510c83eab4a9105c57055cc6ac89e878a	crates/exchange/fixtures/gate/spot_tickers_btc_eth_usdt.json	gate_spot_tickers_parse_official_fixture_keeps_missing_sizes_none	gate_spot_tickers_uses_official_path_without_query	public
Gate	Get	/api/v4/futures/usdt/contracts	Baseline	FundingRate	2026-06-03	gate-apiv4-list-futures-contracts-2026-06-03	sha256:8d34ecc69829afdec05cad79d47cd69c8afab63a52a274c26d77cd50ce025d4f	crates/exchange/fixtures/gate/futures_usdt_contracts_btc_usdt.json	gate_contracts_parses_official_fixture_metadata_and_funding	gate_contracts_and_tickers_uses_official_contracts_path_without_query	public
Kucoin	Get	/api/v1/allTickers	Baseline	PerpTicker	2026-06-03	kucoin-futures-get-all-tickers-2026-06-03	sha256:0ce92253b1be93e2e0554e354917a566b4435954643a1ec6338e203040b18c10	crates/exchange/fixtures/kucoin/futures_all_tickers_xbt_eth_usdtm.json	kucoin_futures_all_tickers_parses_official_fixture_quotes	kucoin_futures_all_tickers_uses_official_path_without_query	public
Kucoin	Get	/api/v1/contracts/active	Baseline	FundingRate	2026-06-03	kucoin-futures-get-all-symbols-2026-06-03	sha256:ffd6fe27987d000d61c116dbc848e4f643087f2bad800c60a4a8e8b4b52801a6	crates/exchange/fixtures/kucoin/contracts_active_xbt_eth_usdtm.json	contracts_active_fixture_preserves_official_multiplier_and_funding	kucoin_contracts_active_uses_official_path_without_query	public
Kucoin	Get	/api/v1/market/allTickers	Baseline	SpotTicker	2026-06-03	kucoin-spot-get-all-tickers-2026-06-03	sha256:b353998af8a464261543191d29b735e66537c7e50f37df2c50143d3f10d2a36a	crates/exchange/fixtures/kucoin/spot_market_all_tickers_btc_eth_usdt.json	kucoin_spot_all_tickers_parses_official_fixture_quotes	kucoin_spot_market_all_tickers_uses_official_path_without_query	public
Hyperliquid	Post	/info	Baseline	PerpTicker	2026-06-03	hyperliquid-perpetuals-meta-and-asset-ctxs-2026-06-03	sha256:b5b76216f848ed73eb687ad9610d29e90a93234b07dd7193c1ae9d94c65891b4	crates/exchange/fixtures/hyperliquid/meta_and_asset_ctxs_btc_eth.json	hyperliquid_meta_and_asset_ctxs_parses_official_fixture_metadata_ticker_funding	hyperliquid_get_tickers_requests_meta_and_asset_ctxs	public
Hyperliquid	Post	/info	Baseline	SpotTicker	2026-06-03	hyperliquid-spot-meta-and-asset-ctxs-2026-06-03	sha256:4342019a816e691b3e14385f4cd61fd32c47ac61ad741e62c6d8c2f975de9a4b	crates/exchange/fixtures/hyperliquid/spot_meta_and_asset_ctxs_purr_hfun.json	hyperliquid_spot_meta_and_asset_ctxs_parses_official_fixture	hyperliquid_get_spot_tickers_requests_spot_meta_and_asset_ctxs	public
Hyperliquid	Post	/info	Baseline	FundingRate	2026-06-03	hyperliquid-perpetuals-predicted-fundings-2026-06-03	sha256:bf35a0cdd8c6f65c7dab0d86571a2cdbe59540e0f5472bea5cd476d714806031	crates/exchange/fixtures/hyperliquid/predicted_fundings_avax.json	hyperliquid_predicted_fundings_parses_official_fixture_hl_perp	hyperliquid_get_funding_rates_requests_meta_and_predicted_fundings	public
Binance	Post	/fapi/v1/order	TradeWrite	OrderAck	2026-06-29	binance-usdm-futures-new-order-2026-06-29	sha256:5f25d9d42028c74f8141427ae560db29132f8e6d7b5c27b706806a7f0c734cf0	crates/exchange/fixtures/binance/usdm_place_order_ack.json	binance_place_order_ack_parses_official_fixture	rest_limit_order_params_match_binance_schema	signed
Binance	Post	/fapi/v1/order/test	TradeWrite	OrderAck	2026-07-07	binance-usdm-futures-test-new-order-2026-07-07	not_recorded	not_recorded	not_recorded	crates/exchange/src/adapters/binance_private_rest.rs::test_order_uses_official_non_matching_endpoint	signed
Binance	Delete	/fapi/v1/order	TradeWrite	OrderAck	2026-07-02	binance-usdm-futures-cancel-order-2026-07-02	sha256:2af0ef4d430ce0c6a1bd424933d396d89c779afb17046eb7f9aac14033bb0d3e	crates/exchange/fixtures/binance/usdm_cancel_order_ack.json	binance_cancel_order_ack_parses_official_fixture	cancel_params_use_orig_client_order_id	signed
Okx	Post	/api/v5/trade/order	TradeWrite	OrderAck	2026-06-29	okx-v5-trade-place-order-2026-06-29	sha256:60311d35248b9fc2385a2181f695c6d0d82d6739a1587ea6ad0e02406e0be4ef	crates/exchange/fixtures/okx/trade_place_order_ack.json	okx_place_order_ack_parses_official_fixture	place_order_arg_uses_configured_td_mode	signed
Okx	Post	/api/v5/trade/order-precheck	TradeWrite	OrderAck	2026-07-07	okx-v5-trade-order-precheck-2026-07-07	not_recorded	not_recorded	not_recorded	pre_check_order_uses_official_pre_check_endpoint_and_body	signed
Okx	Post	/api/v5/trade/cancel-order	TradeWrite	OrderAck	2026-07-02	okx-v5-trade-cancel-order-2026-07-02	sha256:89dfd90d94b74305ab38077f311d50c7adf51f07ffd64a740398829b4f839dad	crates/exchange/fixtures/okx/trade_cancel_order_ack.json	okx_cancel_order_ack_parses_official_fixture	live_cancel_order_uses_official_cancel_order_path_and_client_order_id	signed
Okx	Get	/api/v5/trade/order	PrivateRead	OrderStatus	2026-06-30	okx-v5-trade-get-order-details-2026-06-30	sha256:ab130bf25d597425e16841477e61fac0b5d4a345eb305d340bcec40bd82392b1	crates/exchange/fixtures/okx/trade_get_order_filled.json	okx_get_order_parses_official_fixture	live_get_order_empty_success_is_none	signed
Okx	Get	/api/v5/account/config	PrivateRead	AccountConfig	2026-07-02	okx-v5-trading-account-get-account-configuration-2026-07-02	sha256:d8967eefd2b0a5a88960be4c41768d392b866c572e027021797eb16fd3a01aa5	crates/exchange/fixtures/okx/account_config_long_short.json	okx_account_config_parses_official_fixture_position_mode	okx_account_mode_reads_signed_account_config_without_demo_header	signed
Okx	Get	/api/v5/account/balance	PrivateRead	AccountBalance	2026-07-02	okx-v5-trading-account-get-balance-2026-07-02	sha256:5b845155b110daa670b43b945d0302f0c9fea4a54e373187d15f4c2559a8bb7f	crates/exchange/fixtures/okx/account_balance_usdt.json	okx_account_balance_parses_official_fixture	get_balance_sends_all_signed_headers	signed
Okx	Get	/api/v5/account/bills	PrivateRead	FundingPayment	2026-07-02	okx-v5-account-bills-funding-fee-2026-07-02	sha256:b3a76a0b0cf782a3f2a599b865d801f44b07c3549bc6027329125a21e6133c8a	crates/exchange/fixtures/okx/account_bills_funding_fee_btc_usdt_swap.json	okx_funding_payment_parses_official_bills_fixture	okx_funding_payments_request_uses_bills_subtype_filter	signed
Bybit	Post	/v5/order/create	TradeWrite	OrderAck	2026-06-29	bybit-v5-order-create-2026-06-29	sha256:d9d397e431457b054abd260a76b5a2261c4bc21abb673b70826a20165ffff65e	crates/exchange/fixtures/bybit/order_create_ack.json	bybit_place_order_ack_parses_official_fixture	limit_order_uses_gtc_and_price	signed
Bybit	Post	/v5/order/pre-check	TradeWrite	OrderAck	2026-07-07	bybit-v5-order-pre-check-2026-07-07	not_recorded	not_recorded	not_recorded	pre_check_order_uses_official_pre_check_endpoint	signed
Bybit	Post	/v5/order/cancel	TradeWrite	OrderAck	2026-07-02	bybit-v5-order-cancel-2026-07-02	sha256:9e66839ea77befc4089a173c25a707a41c95d636e671d02eb134876be9e3b32e	crates/exchange/fixtures/bybit/order_cancel_ack.json	bybit_cancel_order_ack_parses_official_fixture	crates/exchange/tests/bybit_test.rs::live_cancel_order_returns_cancel_requested	signed
Bybit	Get	/v5/order/realtime	PrivateRead	OrderStatus	2026-06-30	bybit-v5-get-open-closed-orders-2026-06-30	sha256:62fb1814eb2c0fd419439dc5d123cca08da410f6c2151215ed10ab22f83b650a	crates/exchange/fixtures/bybit/order_realtime_linear_open.json	bybit_get_order_parses_official_fixture	live_get_order_queries_realtime_by_order_link_id	signed
Bybit	Get	/v5/position/list	PrivateRead	AccountConfig	2026-07-02	bybit-v5-get-position-info-2026-07-02	sha256:3acee570e8c4c95192898d7a9da073a93f08394e860d0f912155b6a88b571de1	crates/exchange/fixtures/bybit/position_list_one_way.json	bybit_position_mode_parses_official_fixture	live_account_mode_reads_one_way_position_idx	signed
Bitget	Post	/api/v3/trade/place-order	TradeWrite	OrderAck	2026-06-29	bitget-uta-trade-place-order-2026-06-29	sha256:22dc071f603168741b8d5e8f393f5838a5286a992286bc0369c0b7e4a1b33932	crates/exchange/fixtures/bitget/uta_place_order_ack.json	bitget_place_order_ack_parses_official_fixture	place_order_body_uses_time_in_force_and_v3_category	signed
Bitget	Post	/api/v3/trade/cancel-order	TradeWrite	OrderAck	2026-07-02	bitget-uta-trade-cancel-order-2026-07-02	sha256:bd083965f8d4e03c3fa9cf64d2aacdc8d6337ed763d2d7f050c9cb7a087db348	crates/exchange/fixtures/bitget/uta_cancel_order_ack.json	bitget_cancel_order_ack_parses_official_fixture	crates/exchange/tests/bitget_test.rs::live_cancel_order_returns_cancel_requested	signed
Bitget	Get	/api/v3/trade/order-info	PrivateRead	OrderStatus	2026-06-30	bitget-uta-trade-get-order-details-2026-06-30	sha256:79653caccf87a5bab7cd986acd4046a6fd2dccee61d346a636e5249de51f6ddd	crates/exchange/fixtures/bitget/uta_order_info_filled.json	bitget_get_order_parses_official_fixture	live_get_order_queries_detail_by_client_oid	signed
Bitget	Get	/api/v3/account/assets	PrivateRead	AccountBalance	2026-07-02	bitget-uta-account-get-account-assets-2026-07-02	sha256:60f1410d2d8d70b4a1e8a603250d6f60b515bfda4bff218bc1274b25291e86c2	crates/exchange/fixtures/bitget/uta_account_assets.json	bitget_account_assets_parses_official_fixture	crates/exchange/tests/bitget_test.rs::balance_signed_headers	signed
Bitget	Get	/api/v3/trade/unfilled-orders	PrivateRead	OrderStatus	2026-07-02	bitget-uta-trade-get-open-orders-2026-07-02	sha256:db28d856fe017bc4cb9b8609a8cae12fbef7c85367db6aef90ce7bfe0eae8d13	crates/exchange/fixtures/bitget/uta_unfilled_orders_open.json	bitget_unfilled_orders_parses_official_fixture	live_open_orders_queries_unfilled_orders_with_v3_category	signed
Binance	Get	/fapi/v3/balance	PrivateRead	AccountBalance	2026-07-30	binance-usdm-futures-account-balance-v3-2026-07-30	sha256:8308340728d96036dd921af43a27acbaeef83df4b990109f762e29143bbe9b01	crates/exchange/fixtures/binance/usdm_balance_v3.json	binance_balance_parses_official_fixture	balance_signed_request_with_api_key_header	signed
Binance	Get	/fapi/v1/income	PrivateRead	FundingPayment	2026-07-02	binance-usdm-income-history-funding-fee-2026-07-02	sha256:a47478601a0fc110d0836509bdf9dbf58631659aef43587c6593845876e83b50	crates/exchange/fixtures/binance/usdm_income_funding_fee_btcusdt.json	binance_funding_payment_parses_official_income_fixture	binance_funding_payments_request_uses_income_history_funding_fee_filter	signed
Bybit	Get	/v5/account/wallet-balance	PrivateRead	AccountBalance	2026-07-13	bybit-v5-wallet-balance-2026-07-13	sha256:39775d9331b6ba06d3ff435d78ecb62acbf544c13474e498545b19f414a9751f	crates/exchange/fixtures/bybit/wallet_balance_unified_account_metrics.json	bybit_account_summary_parses_equity_margin_rates_and_source	crates/exchange/tests/bybit_test.rs::balance_signed_headers	signed
Bybit	Get	/v5/account/transaction-log	PrivateRead	FundingPayment	2026-07-02	bybit-v5-account-transaction-log-funding-fee-2026-07-02	sha256:94271121cfe93ff9e916e5affb1e267dfcf175caac391bd58ff0595cf67f0595	crates/exchange/fixtures/bybit/account_transaction_log_funding_fee.json	bybit_funding_payment_parses_official_transaction_log_fixture	bybit_funding_payments_request_uses_transaction_log_settlement_filter	signed
Binance	Get	/fapi/v1/order	PrivateRead	OrderStatus	2026-06-29	binance-usdm-futures-query-order-2026-06-29	sha256:f6f5edac0707319bbd976905f6d86cc20d291a667379f4abf68555dcd682999f	crates/exchange/fixtures/binance/usdm_get_order_filled.json	binance_get_order_parses_official_fixture	live_get_order_returns_order_info	signed
Binance	Get	/fapi/v1/positionSide/dual	PrivateRead	AccountConfig	2026-07-02	binance-usdm-futures-get-current-position-mode-2026-07-02	sha256:3b2d52fc2030034b04019a7cbb5f371fe8d89aa764c4a1de5e7e761dba0c5a7f	crates/exchange/fixtures/binance/usdm_position_side_dual.json	binance_position_mode_parses_official_fixture	exchange_account_mode_reads_official_position_side_dual_endpoint	signed
Binance	Get	/fapi/v1/commissionRate	PrivateRead	AccountConfig	2026-07-11	binance-usdm-futures-account-commission-rate-2026-07-11	sha256:28c1d83fde43698bca438bdb828eda321af35765923a6ea049863f0bc3cb518f	crates/exchange/fixtures/binance/usdm_account_commission_rate_btcusdt.json	parses_official_commission_fixture_without_zeroing_rates	commission_rate_signed_request_uses_official_path	signed
Gate	Get	/api/v4/futures/usdt/orders/{order_id}	PrivateRead	OrderStatus	2026-06-30	gate-apiv4-get-a-single-order-2026-06-30	sha256:10ea597b450b7e1d2e19c44021869c5df63f7b322dd969225232c685c2c62f69	crates/exchange/fixtures/gate/futures_usdt_get_order_filled.json	gate_get_order_parses_official_fixture	get_order_uses_official_order_detail_by_gate_text	signed
Gate	Delete	/api/v4/futures/usdt/orders/{order_id}	TradeWrite	OrderAck	2026-07-07	gate-apiv4-cancel-a-single-order-2026-07-07	not_recorded	not_recorded	not_recorded	safe_cancel_no_match_probe_uses_official_single_cancel_without_live_writes	signed
Gate	Get	/api/v4/futures/usdt/orders	PrivateRead	OrderStatus	2026-07-02	gate-apiv4-list-futures-orders-2026-07-02	sha256:b84fd51489451c265e0789b8d4416db9ac8a9f7d462b2ec2280f5c835b0e0707	crates/exchange/fixtures/gate/futures_usdt_orders_open.json	gate_open_orders_parses_official_fixture	open_orders_rejects_malformed_order_row	signed
Gate	Get	/api/v4/futures/usdt/accounts	PrivateRead	AccountBalance	2026-07-02	gate-apiv4-get-futures-account-2026-07-02	sha256:aae3ae7417405ed39b1c0aefef27736dd0d04be06c03959c0df7aeed99777fd2	crates/exchange/fixtures/gate/futures_usdt_account.json	gate_futures_account_balance_parses_official_fixture	crates/exchange/tests/gate_test.rs::balance_signed_headers	signed
Gate	Get	/api/v4/futures/usdt/account_book	PrivateRead	FundingPayment	2026-07-02	gate-apiv4-futures-account-book-funding-fee-2026-07-02	sha256:9992355eff36b23d899f67961e1d1c4b9e4edc648e1828063e83de2a11706801	crates/exchange/fixtures/gate/futures_usdt_account_book_fund_btc_usdt.json	gate_funding_payment_parses_official_account_book_fixture	gate_funding_payments_request_uses_account_book_fund_filter	signed
Kucoin	Post	/api/v1/orders	TradeWrite	OrderAck	2026-06-29	kucoin-futures-place-order-2026-06-29	sha256:28326340f23fda8ba48e0ab15bbdd23f32bfe5e4467b525e923bdeb3b3cdf090	crates/exchange/fixtures/kucoin/place_order_ack.json	kucoin_place_order_ack_parses_official_fixture	crates/exchange/src/adapters/kucoin_trade_data_tests.rs::limit_order_matches_official_body_shape	signed
Kucoin	Post	/api/v1/orders/test	TradeWrite	OrderAck	2026-07-07	kucoin-futures-add-order-test-2026-07-07	not_recorded	not_recorded	not_recorded	crates/exchange/src/adapters/kucoin_private_rest.rs::test_order_uses_official_non_matching_endpoint	signed
Kucoin	Delete	/api/v1/orders/client-order/{clientOid}	TradeWrite	OrderAck	2026-07-02	kucoin-futures-cancel-order-by-clientoid-2026-07-02	sha256:b239aa651f0d267fe9ee6de16ec0f77200763a86fb8a157bfc31351a9de7db5e	crates/exchange/fixtures/kucoin/cancel_order_by_client_oid_ack.json	kucoin_cancel_order_ack_parses_official_fixture	live_cancel_order_by_client_oid	signed
Kucoin	Delete	/api/v1/orders/{orderId}	TradeWrite	OrderAck	2026-07-11	kucoin-futures-cancel-order-by-order-id-2026-07-11	sha256:b239aa651f0d267fe9ee6de16ec0f77200763a86fb8a157bfc31351a9de7db5e	crates/exchange/fixtures/kucoin/cancel_order_by_client_oid_ack.json	kucoin_cancel_order_ack_parses_official_fixture	crates/exchange/src/adapters/kucoin_private_rest.rs::cancel_target_prefers_exchange_order_id_then_client_oid_fallback	signed
Gate	Post	/api/v4/futures/usdt/orders	TradeWrite	OrderAck	2026-06-30	gate-apiv4-create-futures-order-2026-06-30	sha256:e803326821f11c9e143477a1bbd2d1d65ccb86c07405dea79cd05cce75cb3f89	crates/exchange/fixtures/gate/futures_place_order_ack.json	gate_place_order_ack_parses_official_fixture	place_order_converts_base_qty_to_contracts	signed
Kucoin	Get	/api/v1/orders/byClientOid	PrivateRead	OrderStatus	2026-06-30	kucoin-futures-get-order-by-clientoid-2026-06-30	sha256:43f0847e8fa858abc15901801e2a811376d18f74b61c9dd4794cf378bd3ecf1a	crates/exchange/fixtures/kucoin/get_order_by_client_oid_open.json	kucoin_get_order_by_client_oid_parses_official_fixture	live_get_order_uses_official_by_client_oid_query	signed
Kucoin	Get	/api/v1/orders	PrivateRead	OrderStatus	2026-07-02	kucoin-futures-get-order-list-2026-07-02	sha256:e8a3c1e65c542c75b10b6881072b5547bc8bc3513f127fc8bbd98cfff5b3c679	crates/exchange/fixtures/kucoin/get_order_list_active.json	kucoin_open_orders_parses_official_fixture	live_open_orders_rejects_malformed_order_row	signed
Kucoin	Get	/api/v1/fills	PrivateRead	TradeFill	2026-07-11	kucoin-futures-get-trade-history-2026-07-11	sha256:0d9814f361e3636aaa92f17c525dbc75081a65f952cf8e888b9e45d8dd7ce985	crates/exchange/fixtures/kucoin/fills_by_order_id.json	kucoin_fills_parse_official_fixture_without_defaulting_fee	crates/exchange/src/adapters/kucoin_private_rest.rs::fills_read_uses_signed_order_query_and_official_fixture	signed
Kucoin	Get	/api/v1/trade-fees	PrivateRead	AccountFeeRate	2026-07-11	kucoin-futures-get-actual-fee-2026-07-11	sha256:118317e838e199c08f627b38c4ba95a1870ef5807379d5c4b21afef2f856047d	crates/exchange/fixtures/kucoin/futures_actual_fee_xbtusdtm.json	kucoin_fee_rate_parses_official_fixture_and_source_url	crates/exchange/src/adapters/kucoin_private_rest.rs::fee_rate_read_uses_signed_symbol_query_and_official_fixture	signed
Kucoin	Get	/api/v1/account-overview	PrivateRead	AccountBalance	2026-07-02	kucoin-futures-get-account-futures-2026-07-02	sha256:22eb8516645041f936a6881790de0e4b24bc5758a0c6ebcb14dceb729698f01d	crates/exchange/fixtures/kucoin/account_overview_usdt.json	kucoin_account_overview_parses_official_fixture	balance_signed_with_encrypted_passphrase	signed
Kucoin	Get	/api/v1/funding-history	PrivateRead	FundingPayment	2026-07-02	kucoin-futures-private-funding-history-2026-07-02	sha256:cab023fb504e9d1f630253d68527039865397ada77e840906ba6ad945a0edafe	crates/exchange/fixtures/kucoin/funding_history_xbtusdtm.json	kucoin_funding_payment_parses_official_history_fixture	kucoin_funding_payments_request_uses_futures_history_path	signed
Kucoin	Get	/api/v2/position/getPositionMode	PrivateRead	AccountConfig	2026-07-02	kucoin-futures-get-position-mode-2026-07-02	sha256:a78c28a8f3d69d3e11dede61335b864c4e45f19a574507ef20798f04efe2b02a	crates/exchange/fixtures/kucoin/position_mode_hedge.json	kucoin_position_mode_parses_official_fixture	account_mode_read_does_not_require_live_writes	signed
Hyperliquid	Post	/exchange	TradeWrite	OrderAck	2026-06-30	hyperliquid-exchange-order-action-2026-06-30	sha256:23d821d90ef17f9139028cfe0bc0f9247b992089b3022a9a10b6159608ed3cbf	crates/exchange/fixtures/hyperliquid/exchange_order_resting.json	hyperliquid_place_order_ack_parses_official_fixture	order_action_matches_hyperliquid_compact_schema	signed
Hyperliquid	Post	/info	PrivateRead	OrderStatus	2026-07-12	hyperliquid-info-open-orders-dex-2026-07-12	sha256:0bb032ff7d509fcdb288c596bcb1f2a186ad116b736a8d2badd8a8023c829273	crates/exchange/fixtures/hyperliquid/info_open_orders_dex.json	hyperliquid_operation_fixtures_parse_and_keep_dex_scope	hyperliquid_info_operation_request_contracts_are_distinct	user_address
Hyperliquid	Post	/info	PrivateRead	OrderStatus	2026-07-12	hyperliquid-info-frontend-open-orders-dex-2026-07-12	sha256:82f8ddebbfd3b17b9164e6709e487aefc1048341619f8d74a740fda82054db7d	crates/exchange/fixtures/hyperliquid/info_frontend_open_orders_dex.json	hyperliquid_operation_fixtures_parse_and_keep_dex_scope	hyperliquid_info_operation_request_contracts_are_distinct	user_address
Hyperliquid	Post	/info	PrivateRead	OrderStatus	2026-06-30	hyperliquid-info-order-status-2026-06-30	sha256:875f9a4b3f868c1936d4ee274e3183001a9200521c39dc9067034b1d07a6a19a	crates/exchange/fixtures/hyperliquid/info_order_status_filled.json	order_status_official_envelope_parses_filled_order	get_order_derives_public_client_id_to_official_cloid	user_address
Binance	Get	/fapi/v1/openOrders	PrivateRead	OrderStatus	2026-07-02	binance-usdm-futures-current-all-open-orders-2026-07-02	sha256:3e60dbbbcdd7950be4f1c2d61c5f5031b6344806bbd7cfa81ca1b244a2b1680b	crates/exchange/fixtures/binance/usdm_open_orders.json	binance_open_orders_parses_official_fixture	live_open_orders_queries_signed_current_open_orders	signed
Okx	Get	/api/v5/trade/orders-pending	PrivateRead	OrderStatus	2026-07-02	okx-v5-trade-get-order-list-2026-07-02	sha256:b3c992124a74c65a35d662bc64713dc412ed1b4c08592cdb4f5255424a6f9cbf	crates/exchange/fixtures/okx/trade_orders_pending.json	okx_open_orders_parses_official_fixture	live_open_orders_queries_orders_pending_with_signed_headers	signed
Hyperliquid	Post	/info	PrivateRead	AccountBalance	2026-07-02	hyperliquid-info-clearinghouse-and-spot-clearinghouse-state-2026-07-02	sha256:ad29e1740237966f26cf76d9eddc87224edcc4618d294ea46e706716192ee0f0	crates/exchange/fixtures/hyperliquid/info_clearinghouse_state_account_balance.json	hyperliquid_account_balance_parses_official_fixtures	hyperliquid_info_operation_request_contracts_are_distinct	user_address
Hyperliquid	Post	/info	PrivateRead	AccountBalance	2026-07-12	hyperliquid-info-spot-clearinghouse-state-2026-07-12	sha256:c55e0f86b418e05204bf91e0379c82f02fc9fc7c72aea89b54fc24fd86188d6d	crates/exchange/fixtures/hyperliquid/info_spot_clearinghouse_state_account_balance.json	hyperliquid_account_balance_parses_official_fixtures	hyperliquid_info_operation_request_contracts_are_distinct	user_address
Binance	Get	/fapi/v3/positionRisk	PrivateRead	AccountPosition	2026-07-30	binance-usdm-futures-position-information-v3-2026-07-30	sha256:bb7a83b3f7839bc2a6fb38413b6df9a17a31ebdb56e61216e2e1805c34d1c177	crates/exchange/fixtures/binance/usdm_position_risk_btcusdt.json	binance_positions_parse_official_fixture	live_positions_queries_signed_position_risk	signed
Okx	Get	/api/v5/account/positions	PrivateRead	AccountPosition	2026-07-02	okx-v5-trading-account-get-positions-2026-07-02	sha256:1e41e1e84e43736189c5614466e955494acae539e11dcc0fbafe33199b3ef03e	crates/exchange/fixtures/okx/account_positions_swap.json	okx_positions_parse_official_fixture	live_positions_queries_account_positions_with_signed_headers	signed
Bybit	Get	/v5/position/list	PrivateRead	AccountPosition	2026-07-02	bybit-v5-get-position-info-account-position-2026-07-02	sha256:1d9b41c78476221951fae10cb30559e9e5e2d848d6b64bb1999c4580a9c35b1e	crates/exchange/fixtures/bybit/position_list_linear_open.json	bybit_positions_parse_official_fixture	private_account_reads_fan_out_usdt_and_usdc_settles	signed
Bitget	Get	/api/v3/position/current-position	PrivateRead	AccountPosition	2026-07-02	bitget-uta-trade-get-current-position-2026-07-02	sha256:22ead2a4c3fe6a979be913b9db5e75bedb8a9e6c8170b9c437d30b0d5731f0fb	crates/exchange/fixtures/bitget/uta_current_position_btcusdt.json	bitget_current_position_parses_official_fixture	live_positions_queries_current_position_with_signed_headers	signed
Bitget	Get	/api/v3/account/financial-records	PrivateRead	FundingPayment	2026-07-02	bitget-uta-financial-records-funding-fee-2026-07-02	sha256:3c89aa83d14642364cda661dfd098689e2941034cfa85ea270a85729fc4ae8c0	crates/exchange/fixtures/bitget/uta_financial_records_funding_fee_btcusdt.json	bitget_uta_funding_payment_parses_official_financial_records_fixture	bitget_uta_funding_payments_request_uses_financial_records_type_filter	signed
Gate	Get	/api/v4/futures/usdt/positions	PrivateRead	AccountPosition	2026-07-02	gate-apiv4-list-futures-positions-2026-07-02	sha256:8570896ffc84c2af96e35e62f4311f70f8876504aa8c6a52be3c13e8589e06cd	crates/exchange/fixtures/gate/futures_usdt_positions.json	gate_positions_parse_official_fixture	positions_signed_size_to_long_short	signed
Kucoin	Get	/api/v1/positions	PrivateRead	AccountPosition	2026-07-02	kucoin-futures-get-position-list-2026-07-02	sha256:2f64271367f6b18fe62f98cb3c6ce0e001c49420fd60912dbe88dcb2b35cb767	crates/exchange/fixtures/kucoin/positions_open.json	kucoin_positions_parse_official_fixture	positions_filter_open_and_signed_qty	signed
Hyperliquid	Post	/info	PrivateRead	AccountPosition	2026-07-02	hyperliquid-info-clearinghouse-state-account-position-2026-07-02	sha256:ad29e1740237966f26cf76d9eddc87224edcc4618d294ea46e706716192ee0f0	crates/exchange/fixtures/hyperliquid/info_clearinghouse_state_account_balance.json	hyperliquid_account_position_parses_official_fixture	hyperliquid_info_operation_request_contracts_are_distinct	user_address
gate_crossex	Get	/api/v4/crossex/market/funding_info	Baseline	FundingRate	2026-08-06	gate-crossex-v1.0.1-funding-info-2026-08-06	sha256:3341339b9d8ea8df5996a51656dd90c1efbd53f7c03539d66c8f6e083ef91490	crates/exchange/fixtures/gate_crossex/funding_info_intervals.json	funding_metadata_keeps_native_event_intervals	signed_private_reads_bind_canonical_crossex_paths_and_queries	signed
gate_crossex	Get	/api/v4/crossex/accounts	PrivateRead	AccountBalance	2026-08-06	gate-crossex-v1.0.1-account-assets-2026-08-06	sha256:2af431f2c94d5de41ef04da4e15162d9a58ad60680af083f51db1ce3da270252	crates/exchange/fixtures/gate_crossex/account.json	parses_bounded_rest_bootstrap_rows	signed_private_reads_bind_canonical_crossex_paths_and_queries	signed
gate_crossex	Get	/api/v4/crossex/accounts	PrivateRead	AccountConfig	2026-08-06	gate-crossex-v1.0.1-account-assets-2026-08-06	sha256:2af431f2c94d5de41ef04da4e15162d9a58ad60680af083f51db1ce3da270252	crates/exchange/fixtures/gate_crossex/account.json	parses_bounded_rest_bootstrap_rows	signed_private_reads_bind_canonical_crossex_paths_and_queries	signed
gate_crossex	Get	/api/v4/crossex/open_orders	PrivateRead	OrderStatus	2026-08-06	gate-crossex-v1.0.1-open-orders-2026-08-06	sha256:d5982036259dce34d2879404f2bfacc8481741e221e334b77b65ce210ded9b2c	crates/exchange/fixtures/gate_crossex/open_orders.json	parses_bounded_rest_bootstrap_rows	signed_private_reads_bind_canonical_crossex_paths_and_queries	signed
gate_crossex	Get	/api/v4/crossex/orders/{order_id}	PrivateRead	OrderStatus	2026-08-06	gate-crossex-v1.0.1-order-details-2026-08-06	sha256:cfae949acb63f815882f8e29973f9ae15a351ab282cf5c545f3863d14bf4c567	crates/exchange/fixtures/gate_crossex/order_detail.json	parses_bounded_rest_bootstrap_rows	signed_private_reads_bind_canonical_crossex_paths_and_queries	signed
gate_crossex	Get	/api/v4/crossex/positions	PrivateRead	AccountPosition	2026-08-06	gate-crossex-v1.0.1-contract-positions-2026-08-06	sha256:fcfa6c34f193e4adfcd5a46ae72d86cebfca9c5345a6f56fec30c091341e2532	crates/exchange/fixtures/gate_crossex/positions.json	parses_bounded_rest_bootstrap_rows	signed_private_reads_bind_canonical_crossex_paths_and_queries	signed
Kraken	Post	/0/private/GetWebSocketsToken	PrivateRead	AccountConfig	2026-08-06	kraken-spot-rest-get-websockets-token-2026-08-06	sha256:de1a048ae3fb97d52533e7a1a4e7f585c9fd4f03b12a0f7b568668e2d3f88746	crates/exchange/fixtures/kraken/spot_ws_token.json	official_token_fixture_and_private_read_requests_match_spot_contracts	official_token_fixture_and_private_read_requests_match_spot_contracts	signed
Kraken	Post	/0/private/BalanceEx	PrivateRead	AccountBalance	2026-08-06	kraken-spot-rest-extended-balance-2026-08-06	sha256:9c973150d855fb824fa13fe58e77c2c2e7dc7c41ea7349b57a22c42133994525	crates/exchange/fixtures/kraken/spot_balance_ex.json	balance_ex_uses_official_available_formula	signed_request_uses_official_headers_and_body_contract	signed
Kraken	Post	/0/private/OpenOrders	PrivateRead	OrderStatus	2026-08-06	kraken-spot-rest-open-orders-2026-08-06	sha256:1e6ca36c5632885892b04f44bf7bced54a29e6831b4e9274ea1f0f4fbaa1a5d1	crates/exchange/fixtures/kraken/spot_open_orders.json	rest_order_fixtures_keep_open_and_terminal_state	official_token_fixture_and_private_read_requests_match_spot_contracts	signed
Kraken	Post	/0/private/QueryOrders	PrivateRead	OrderStatus	2026-08-06	kraken-spot-rest-query-orders-2026-08-06	sha256:2de01b2037908770cc948630aec4c44d2052217860fc3913309dad3b064a3afb	crates/exchange/fixtures/kraken/spot_query_orders.json	rest_order_fixtures_keep_open_and_terminal_state	official_token_fixture_and_private_read_requests_match_spot_contracts	signed
Kraken	Post	/derivatives/api/v3/sendorder	TradeWrite	OrderAck	2026-08-06	kraken-derivatives-rest-send-order-2026-08-06	sha256:e3121498a6423ec9ee3c7519b156c4d98b0866f7202d7b5fcfccaceac4fb1169	crates/exchange/fixtures/kraken/futures_send_order_ack.json	parses_official_trade_write_and_order_status_responses	signed_write_requests_bind_paths_headers_and_payloads	signed
Kraken	Post	/derivatives/api/v3/cancelorder	TradeWrite	OrderAck	2026-08-06	kraken-derivatives-rest-cancel-order-2026-08-06	sha256:55676659980435fcd1ba33f392cb0e55360f97d578c6bab55af75de0265cbae0	crates/exchange/fixtures/kraken/futures_cancel_order_ack.json	parses_official_trade_write_and_order_status_responses	signed_write_requests_bind_paths_headers_and_payloads	signed
Kraken	Get	/derivatives/api/v3/openorders	PrivateRead	OrderStatus	2026-08-06	kraken-derivatives-rest-open-orders-2026-08-06	sha256:df8cb6a43089b3340b16206f916e902321d98fdbc9ad1465736f9ac6104f9101	crates/exchange/fixtures/kraken/futures_rest_open_orders.json	parses_official_rest_accounts_and_open_rows	signed_read_requests_bind_official_paths	signed
Kraken	Post	/derivatives/api/v3/orders/status	PrivateRead	OrderStatus	2026-08-06	kraken-derivatives-rest-specific-order-status-2026-08-06	sha256:03519461734113877bed17606e416daa9d06870c45237751efdf184d89b1ccca	crates/exchange/fixtures/kraken/futures_order_status.json	parses_official_trade_write_and_order_status_responses	signed_write_requests_bind_paths_headers_and_payloads	signed
Kraken	Get	/derivatives/api/v3/accounts	PrivateRead	AccountBalance	2026-08-06	kraken-derivatives-rest-wallets-2026-08-06	sha256:696f464b0811801595f00ca90504c9c5f5d5e020996aa8635f901f1e9bad5b41	crates/exchange/fixtures/kraken/futures_accounts.json	parses_official_rest_accounts_and_open_rows	signed_read_requests_bind_official_paths	signed
Kraken	Get	/derivatives/api/v3/openpositions	PrivateRead	AccountPosition	2026-08-06	kraken-derivatives-rest-open-positions-2026-08-06	sha256:db1ca5b97c34cfa624615985348151cc98178159595297797ad4c9e9d3bc13e1	crates/exchange/fixtures/kraken/futures_rest_open_positions.json	parses_official_rest_accounts_and_open_rows	signed_read_requests_bind_official_paths	signed
